{"cameraMode":{"drawMode":0,"name":"Shaded","section":"Shading Mode"},"sceneLighting":true,"audioPlay":false,"sceneViewState":{"m_AlwaysRefresh":false,"showFog":true,"showSkybox":true,"showFlares":true,"showImageEffects":true,"showParticleSystems":true,"showVisualEffectGraphs":true,"m_FxEnabled":true},"in2DMode":false,"pivot":{"x":-5.014440059661865,"y":15.64781379699707,"z":-18.037607192993165},"rotation":{"x":-0.383362740278244,"y":0.007446067873388529,"z":-0.0031539842020720245,"w":-0.9239266514778137},"size":3.857485771179199,"orthographic":false}